Company Name,Market Cap in INR (crore) apr 1 2025,Return on Equity,Return on Assets,Current Ratio,Quick Ratio,Total Revenue Growth (1 Year),Basic EPS,total Asset Turnover
Bajaj Finance Limited (NSEI:BAJFINANCE),"539,671.27",19.11,3.99,2.47,2.39,16.75,26.89,0.09
Bajaj Finserv Ltd. (NSEI:BAJAJFINSV),"308,798.60",15.12,5.05,0.29,0.17,20.62,55.61,0.22
Indian Railway Finance Corporation Limited (NSEI:IRFC),"162,546.08",12.77,1.34,8.53,8.51,1.6,4.98,0.01
Jio Financial Services Limited (NSEI:JIOFIN),"146,389.05",1.23,1.16,15.06,12.6,10.26,2.54,0.02
Bajaj Holdings & Investment Limited (BSE:500490),"132,459.87",9.77,0.48,53.36,53.14,-56.44,585.9,0.01
Cholamandalam Investment and Finance Company Limited (BSE:511243),"123,504.28",19.71,2.38,3.22,3.15,26.35,50.72,0.06
Shriram Finance Limited (BSE:511218),"119,921.48",17.78,3.48,2.51,2.41,15.9,50.82,0.07
Bajaj Housing Finance Limited (NSEI:BAJAJHFL),"101,345.22",13.44,2.34,9.05,9.05,22.73,2.67,0.04
Muthoot Finance Limited (NSEI:MUTHOOTFIN),"93,894.37",19.2,4.67,4.8,4.79,27.62,132.84,0.1
HDFC Asset Management Company Limited (NSEI:HDFCAMC),"85,015.89",32.36,25.26,29.28,29.13,28.35,57.58,0.5
SBI Cards and Payment Services Limited (NSEI:SBICARD),"82,016.48",14.82,3.1,1.42,1.4,-9.65,20.15,0.16
One97 Communications Limited (NSEI:PAYTM),"51,097.80",-4.69,-5.77,2.76,2.26,-30.84,-10.35,0.34
Aditya Birla Capital Limited (NSEI:ABCAPITAL),"47,976.82",11.09,1.32,3.45,3.34,18.01,12.8,0.12
Housing and Urban Development Corporation Limited (NSEI:HUDCO),"41,321.22",15.67,2.44,3.11,3.08,26.25,13.53,0.04
L&T Finance Limited (NSEI:LTF),"37,310.68",10.76,2.37,2.04,1.88,5.43,10.61,0.07
Nippon Life India Asset Management Limited (NSEI:NAM.INDIA),"36,127.27",31.39,23.5,29.31,28.66,23.73,20.33,0.56
Motilal Oswal Financial Services Limited (NSEI:MOTILALOFS),"36,099.67",25.21,7.62,1.18,0.92,16.53,41.83,0.22
360 One Wam Limited (NSEI:360ONE),"34,910.86",19.31,8.32,2.76,0.52,26.08,27.14,0.21
Mahindra & Mahindra Financial Services Limited (NSEI:M&MFIN),"34,118.70",10.88,1.69,3.22,3.11,13.81,18.32,0.06
Cholamandalam Financial Holdings Limited (NSEI:CHOLAHLDNG),"32,136.23",19.32,2.36,2.47,2.41,18.87,115.76,0.09
LIC Housing Finance Limited (NSEI:LICHSGFIN),"30,883.29",16.05,1.8,2.99,2.98,14.51,98.94,0.03
ICICI Securities Limited,"29,148.63",41.55,6.98,1.21,0.61,13.97,60.2,0.17
Poonawalla Fincorp Limited (NSEI:POONAWALLA),"27,044.06",-1.2,-0.33,2.28,2.25,-41.27,-1.27,0.04
PNB Housing Finance Limited (NSEI:PNBHOUSING),"22,687.56",12.16,2.5,2.17,2.13,9.76,74.52,0.04
Piramal Enterprises Limited,"22,282.83",1.81,0.55,78.15,74.38,2.49,21.56,0.07
Angel One Limited (NSEI:ANGELONE),"20,929.71",27.01,7.78,1.47,0.46,19.73,13.01,0.33
Manappuram Finance Limited (BSE:531213),"19,628.82",10.02,2.51,2.38,2.33,-16.27,14.37,0.1
Aditya Birla Sun Life AMC Limited (NSEI:ABSLAMC),"18,503.70",26.99,20.52,17.7,17.22,21.15,32.26,0.52
KFin Technologies Limited (NSEI:KFINTECH),"17,759.86",26.1,17.03,5.23,5.04,28.72,19.39,0.7
Aavas Financiers Limited (NSEI:AAVAS),"16,511.85",14.12,3.27,7.33,6.7,13.38,72.54,0.08
Indian Energy Exchange Limited (NSEI:IEX),"15,715.32",40.71,17.4,1.57,1.18,19.33,4.83,0.33
CreditAccess Grameen Limited (NSEI:CREDITACC),"15,393.82",7.86,1.88,2.44,2.41,-37.22,33.32,0.07
Anand Rathi Wealth Limited (NSEI:ANANDRATHI),"15,216.85",44.59,28.3,2.68,0.98,30.41,36.05,1.07
Capri Global Capital Limited (BSE:531595),"14,168.34",11.76,2.66,4.63,4.59,34.59,5.8,0.1
IIFL Finance Limited (NSEI:IIFL),"13,792.54",4.45,0.89,3.66,3.53,-10.73,9.07,0.09
UTI Asset Management Company Limited (NSEI:UTIAMC),"13,592.44",16.05,12,13.28,12.76,6.57,57.33,0.34
Maharashtra Scooters Ltd. (NSEI:MAHSCOOTER),"12,212.80",0.74,0.34,0.71,0.53,-17.15,187.56,0.01
IFCI Limited (NSEI:IFCI),"11,914.26",3.06,1.56,8.93,3.97,-7.34,0.65,0.07
Choice International Limited (BSE:531358),"10,148.49",18.64,7.35,1.55,0.66,18.87,8.16,0.39
SBFC Finance Limited (NSEI:SBFC),"9,747.02",11.57,4.41,4.54,4.45,30.91,3.21,0.1
JM Financial Limited (BSE:523405),"9,210.50",7.27,2.85,2.7,1.97,0.73,8.59,0.1
Prudent Corporate Advisory Services Limited (NSEI:PRUDENT),"9,184.42",34.05,23,3.06,2.12,37.45,47.25,1.33
Home First Finance Company India Limited (NSEI:HOMEFIRST),"8,897.04",16.46,3.51,6.11,5.93,28.68,42.83,0.07
Can Fin Homes Limited (BSE:511196),"8,833.01",18.22,2.2,4.71,4.68,8.3,64.37,0.03
India Shelter Finance Corporation Limited (NSEI:INDIASHLTR),"8,776.74",15.09,5.58,6.33,6.26,43.74,35.18,0.12
Bengal & Assam Company Limited (BSE:533095),"8,272.02",7.86,2.41,3.6,2.81,-83.09,642.14,0.2
Edelweiss Financial Services Limited (NSEI:EDELWEISS),"8,102.29",8.96,1.27,4.81,4.68,7.02,4.38,0.15
IIFL Capital Services Limited (NSEI:IIFLCAPS),"6,691.02",33.17,9.01,6.28,3.17,12.69,23.06,0.3
ICRA Limited (NSEI:ICRA),"5,342.50",16.8,8.14,6.37,6.24,11.64,176.73,0.4
Maple Infrastructure Trust (BSE:543925),"5,071.25",-3.9,1.92,2.95,2.29,8.39,-3.42,0.1